"ID","LASTNAME","COMPANY","STATUS","ISCONVERTED","STATUS"
"00QHs00001uJeeMMAS","Nelson","Phillips, Baker and Sanchez","Item Created","False","Item Created"
"00QHs00001uJeeNMAS","Ramsey","Hubbard, Campbell and Sutton","Item Created","False","Item Created"
"00QHs00001uJeeOMAS","Castro","Peters PLC","Item Created","False","Item Created"
"00QHs00001uJeePMAS","Hall","Lara, Villarreal and Martin","Item Created","False","Item Created"
"00QHs00001uJeeQMAS","Flores","Shea-Gonzales","Item Created","False","Item Created"
"00QHs00001uJeeRMAS","Rodriguez","Stephens-Melendez","Item Created","False","Item Created"
"00QHs00001uJeeSMAS","Lewis","Miller, Olsen and Peters","Item Created","False","Item Created"
"00QHs00001uJeeTMAS","Sosa","Ewing Group","Item Created","False","Item Created"
"00QHs00001uJeeUMAS","Evans","Barton, Baird and Munoz","Item Created","False","Item Created"
"00QHs00001uJeeVMAS","Barker","Chambers-Williams","Item Created","False","Item Created"
"00QHs00001uJeeWMAS","Wilcox","Robinson PLC","Item Created","False","Item Created"
"00QHs00001uJeeXMAS","Mendez","Perry, Wilkinson and Jones","Item Created","False","Item Created"
"00QHs00001uJeeYMAS","Johnson","Myers Group","Item Created","False","Item Created"
"00QHs00001uJeeZMAS","Hobbs","Duncan-Cantrell","Item Created","False","Item Created"
"00QHs00001uJeeaMAC","Carter","Floyd-Martin","Item Created","False","Item Created"
"00QHs00001uJeebMAC","Kirby","Beard-Oliver","Item Created","False","Item Created"
"00QHs00001uJeecMAC","Johnson","Luna-Bailey","Item Created","False","Item Created"
"00QHs00001uJeedMAC","Villarreal","Brown and Sons","Item Created","False","Item Created"
"00QHs00001uJeeeMAC","Freeman","Sanchez, Gonzalez and Johnston","Item Created","False","Item Created"
"00QHs00001uJeefMAC","Curry","Barber Group","Item Created","False","Item Created"
"00QHs00001uJeegMAC","Johnson","Stephens, Medina and Rodriguez","Item Created","False","Item Created"
"00QHs00001uJeehMAC","Evans","Martin-Patterson","Item Created","False","Item Created"
"00QHs00001uJeeiMAC","Franklin","Wells and Sons","Item Created","False","Item Created"
"00QHs00001uJeejMAC","Randolph","Owens-Richardson","Item Created","False","Item Created"
"00QHs00001uJeekMAC","Wong","Guerrero-Estes","Item Created","False","Item Created"
"00QHs00001uJeelMAC","Garcia","Cooper, Marshall and Rodriguez","Item Created","False","Item Created"
"00QHs00001uJeemMAC","Wood","Campos-Walker","Item Created","False","Item Created"
"00QHs00001uJeenMAC","Sanchez","Sanchez, Randall and Mendoza","Item Created","False","Item Created"
"00QHs00001uJeeoMAC","King","Anderson, Brown and Johnson","Item Created","False","Item Created"
"00QHs00001uJeepMAC","Williams","Jones-Warren","Item Created","False","Item Created"
"00QHs00001uJeeqMAC","Mclean","Brown, Larson and Smith","Item Created","False","Item Created"
"00QHs00001uJeerMAC","Obrien","Green Ltd","Item Created","False","Item Created"
"00QHs00001uJeesMAC","Willis","Carroll, Oneal and Raymond","Item Created","False","Item Created"
"00QHs00001uJeetMAC","Faulkner","Johnson Group","Item Created","False","Item Created"
"00QHs00001uJeeuMAC","Aguirre","Graves, Orozco and Oliver","Item Created","False","Item Created"
"00QHs00001uJeevMAC","Hayden","Richardson-Hahn","Item Created","False","Item Created"
"00QHs00001uJeewMAC","Jones","Mckinney, Nelson and Ochoa","Item Created","False","Item Created"
"00QHs00001uJeexMAC","Garrett","Salazar PLC","Item Created","False","Item Created"
"00QHs00001uJeeyMAC","Francis","Jackson LLC","Item Created","False","Item Created"
"00QHs00001uJeezMAC","Dalton","Greer, Frank and Payne","Item Created","False","Item Created"
"00QHs00001uJef0MAC","Braun","Robinson, Pratt and Delacruz","Item Created","False","Item Created"
"00QHs00001uJef1MAC","Friedman","Jackson-Young","Item Created","False","Item Created"
"00QHs00001uJef2MAC","May","Miranda LLC","Item Created","False","Item Created"
"00QHs00001uJef3MAC","Schultz","Davis, Scott and Garcia","Item Created","False","Item Created"
"00QHs00001uJef4MAC","Horne","Johnson and Sons","Item Created","False","Item Created"
"00QHs00001uJef5MAC","James","Kennedy-Brown","Item Created","False","Item Created"
"00QHs00001uJef6MAC","Kelly","Hart-Bell","Item Created","False","Item Created"
"00QHs00001uJef7MAC","Valentine","Grant, David and Gates","Item Created","False","Item Created"
"00QHs00001uJef8MAC","Griffin","Fleming-Wood","Item Created","False","Item Created"
"00QHs00001uJef9MAC","Stewart","Christensen Group","Item Created","False","Item Created"
"00QHs00001uJefAMAS","Stewart","Thomas LLC","Item Created","False","Item Created"
"00QHs00001uJefBMAS","Wong","Orozco-Harrison","Item Created","False","Item Created"
"00QHs00001uJefCMAS","Boyd","Munoz, Allison and Hill","Item Created","False","Item Created"
"00QHs00001uJefDMAS","Ortiz","Davis LLC","Item Created","False","Item Created"
"00QHs00001uJefEMAS","Carr","Delgado-Green","Item Created","False","Item Created"
"00QHs00001uJefFMAS","Stokes","Brewer PLC","Item Created","False","Item Created"
"00QHs00001uJefGMAS","Young","Kim-Young","Item Created","False","Item Created"
"00QHs00001uJefHMAS","Myers","Carpenter Group","Item Created","False","Item Created"
"00QHs00001uJefIMAS","Torres","Jones, Mccormick and Sloan","Item Created","False","Item Created"
"00QHs00001uJefJMAS","Parker","Sherman-Reed","Item Created","False","Item Created"
"00QHs00001uJefKMAS","Shah","Wang, Hawkins and Hernandez","Item Created","False","Item Created"
"00QHs00001uJefLMAS","Hardy","Garcia-Cline","Item Created","False","Item Created"
"00QHs00001uJefMMAS","Anthony","Santiago, Garcia and Daniel","Item Created","False","Item Created"
"00QHs00001uJefNMAS","Knight","Kelly-Anderson","Item Created","False","Item Created"
"00QHs00001uJefOMAS","Jordan","Hernandez, Heath and David","Item Created","False","Item Created"
"00QHs00001uJefPMAS","Collins","Flores-Jackson","Item Created","False","Item Created"
"00QHs00001uJefQMAS","Wilson","Larsen, Roman and Dennis","Item Created","False","Item Created"
"00QHs00001uJefRMAS","Willis","Higgins-Vazquez","Item Created","False","Item Created"
"00QHs00001uJefSMAS","Stuart","Jones and Sons","Item Created","False","Item Created"
"00QHs00001uJefTMAS","Brown","Delgado, Nguyen and Melendez","Item Created","False","Item Created"
"00QHs00001uJefUMAS","Meza","Flores Ltd","Item Created","False","Item Created"
"00QHs00001uJefVMAS","Ramos","Stephens, Cooper and Mcmillan","Item Created","False","Item Created"
"00QHs00001uJefWMAS","Leblanc","Benjamin, Carrillo and Andrade","Item Created","False","Item Created"
"00QHs00001uJefXMAS","Smith","Parker-Rogers","Item Created","False","Item Created"
"00QHs00001uJefYMAS","Hardin","Reynolds-Delgado","Item Created","False","Item Created"
"00QHs00001uJefZMAS","Farley","Bailey, Adams and Gibson","Item Created","False","Item Created"
"00QHs00001uJefaMAC","Davis","Rosario-Lopez","Item Created","False","Item Created"
"00QHs00001uJefbMAC","Lee","Fischer, Chan and Ellis","Item Created","False","Item Created"
"00QHs00001uJefcMAC","Arnold","Frey-Noble","Item Created","False","Item Created"
"00QHs00001uJefdMAC","Johnson","Brown Inc","Item Created","False","Item Created"
"00QHs00001uJefeMAC","Jones","Holloway-Fisher","Item Created","False","Item Created"
"00QHs00001uJeffMAC","Rocha","Moore, Stafford and Hutchinson","Item Created","False","Item Created"
"00QHs00001uJefgMAC","Anderson","Chen and Sons","Item Created","False","Item Created"
"00QHs00001uJefhMAC","Wolfe","Lopez-Hood","Item Created","False","Item Created"
"00QHs00001uJefiMAC","Jacobs","Mendez, Murray and Burke","Item Created","False","Item Created"
"00QHs00001uJefjMAC","Wilson","Cunningham Ltd","Item Created","False","Item Created"
"00QHs00001uJefkMAC","Stark","Herring, Lynch and Phillips","Item Created","False","Item Created"
"00QHs00001uJeflMAC","Morgan","Gibson, Reynolds and Spears","Item Created","False","Item Created"
"00QHs00001uJefmMAC","Gay","Farrell, Hayes and Torres","Item Created","False","Item Created"
"00QHs00001uJefnMAC","Alvarado","Stewart, Ramirez and Burton","Item Created","False","Item Created"
"00QHs00001uJefoMAC","Gutierrez","Evans and Sons","Item Created","False","Item Created"
"00QHs00001uJefpMAC","Ford","Long and Sons","Item Created","False","Item Created"
"00QHs00001uJefqMAC","Snyder","Martin and Sons","Item Created","False","Item Created"
"00QHs00001uJefrMAC","Johnson","Woods Inc","Item Created","False","Item Created"
"00QHs00001uJefsMAC","Love","Castillo, Harvey and Woods","Item Created","False","Item Created"
"00QHs00001uJeftMAC","Hernandez","Hampton-Martinez","Item Created","False","Item Created"
"00QHs00001uJefuMAC","Johnson","Warner, Duncan and Cortez","Item Created","False","Item Created"
"00QHs00001uJefvMAC","Carter","Diaz-Allen","Item Created","False","Item Created"
"00QHs00001uJefwMAC","Cardenas","Wiley-Walton","Item Created","False","Item Created"
"00QHs00001uJefxMAC","Murphy","Hill-Mclaughlin","Item Created","False","Item Created"
"00QHs00001uJefyMAC","Smith","Green and Sons","Item Created","False","Item Created"
"00QHs00001uJefzMAC","Morris","Roberts, Wright and Sanchez","Item Created","False","Item Created"
"00QHs00001uJeg0MAC","Morales","Chavez Inc","Item Created","False","Item Created"
"00QHs00001uJeg1MAC","Austin","Brown, Serrano and Anderson","Item Created","False","Item Created"
"00QHs00001uJeg2MAC","Peterson","Webb-Orr","Item Created","False","Item Created"
"00QHs00001uJeg3MAC","Wilson","Hughes, Smith and Davis","Item Created","False","Item Created"
"00QHs00001uJeg4MAC","Owens","Randall, Gutierrez and Benson","Item Created","False","Item Created"
"00QHs00001uJeg5MAC","Fritz","Arnold Group","Item Created","False","Item Created"
"00QHs00001uJeg6MAC","Meyer","Berry-Armstrong","Item Created","False","Item Created"
"00QHs00001uJeg7MAC","Nichols","Butler LLC","Item Created","False","Item Created"
"00QHs00001uJeg8MAC","Nelson","Norman Ltd","Item Created","False","Item Created"
"00QHs00001uJeg9MAC","Howe","Moore-Jordan","Item Created","False","Item Created"
"00QHs00001uJegAMAS","Rose","Miller Group","Item Created","False","Item Created"
"00QHs00001uJegBMAS","Bryant","Smith, Duran and Yang","Item Created","False","Item Created"
"00QHs00001uJegCMAS","Hughes","Rivera-Mason","Item Created","False","Item Created"
"00QHs00001uJegDMAS","Edwards","Price, Tran and Griffith","Item Created","False","Item Created"
"00QHs00001uJegEMAS","Woods","Perry LLC","Item Created","False","Item Created"
"00QHs00001uJegFMAS","Shaw","Whitaker Group","Item Created","False","Item Created"
"00QHs00001uJegGMAS","Werner","Webb, King and Brooks","Item Created","False","Item Created"
"00QHs00001uJegHMAS","Murray","Thompson-Estes","Item Created","False","Item Created"
"00QHs00001uJegIMAS","Cruz","Carney, Martin and Shaffer","Item Created","False","Item Created"
"00QHs00001uJegJMAS","Delgado","Murphy-Martin","Item Created","False","Item Created"
"00QHs00001uJegKMAS","Floyd","Newman-Allen","Item Created","False","Item Created"
"00QHs00001uJegLMAS","Myers","Matthews Group","Item Created","False","Item Created"
"00QHs00001uJegMMAS","Wolfe","Salinas-Allen","Item Created","False","Item Created"
"00QHs00001uJegNMAS","Luna","Smith, King and Garcia","Item Created","False","Item Created"
"00QHs00001uJegOMAS","Rodriguez","Stevens Inc","Item Created","False","Item Created"
"00QHs00001uJegPMAS","Townsend","Turner, Stout and Smith","Item Created","False","Item Created"
"00QHs00001uJegQMAS","Anderson","Simmons-Rivera","Item Created","False","Item Created"
"00QHs00001uJegRMAS","Duran","Hartman-Smith","Item Created","False","Item Created"
"00QHs00001uJegSMAS","Butler","Young PLC","Item Created","False","Item Created"
"00QHs00001uJegTMAS","Espinoza","Morgan-Diaz","Item Created","False","Item Created"
"00QHs00001uJegUMAS","Mcneil","Williams LLC","Item Created","False","Item Created"
"00QHs00001uJegVMAS","Robinson","Anderson, Conley and Knight","Item Created","False","Item Created"
"00QHs00001uJegWMAS","Bowen","Hernandez Ltd","Item Created","False","Item Created"
"00QHs00001uJegXMAS","Caldwell","Estes, Shaw and Moore","Item Created","False","Item Created"
"00QHs00001uJegYMAS","Haynes","Watson-Hall","Item Created","False","Item Created"
"00QHs00001uJegZMAS","Waller","Anderson and Sons","Item Created","False","Item Created"
"00QHs00001uJegaMAC","Vega","Benton-Stone","Item Created","False","Item Created"
"00QHs00001uJegbMAC","Wilkerson","Wright-Miller","Item Created","False","Item Created"
"00QHs00001uJegcMAC","Hammond","Smith-Harris","Item Created","False","Item Created"
"00QHs00001uJegdMAC","Gill","Liu-Salas","Item Created","False","Item Created"
"00QHs00001uJegeMAC","Hunter","Brennan and Sons","Item Created","False","Item Created"
"00QHs00001uJegfMAC","Gray","Kennedy, Price and Snyder","Item Created","False","Item Created"
"00QHs00001uJeggMAC","West","Gibson, Gates and Mcdonald","Item Created","False","Item Created"
"00QHs00001uJeghMAC","French","Oneal-Wilson","Item Created","False","Item Created"
"00QHs00001uJegiMAC","Beck","Kennedy LLC","Item Created","False","Item Created"
"00QHs00001uJegjMAC","Phillips","Taylor-Lee","Item Created","False","Item Created"
"00QHs00001uJegkMAC","Peterson","Bush, Morris and Simmons","Item Created","False","Item Created"
"00QHs00001uJeglMAC","Rodriguez","Brown, Andrews and Pham","Item Created","False","Item Created"
"00QHs00001uJegmMAC","Harper","Williams, Yates and Turner","Item Created","False","Item Created"
"00QHs00001uJegnMAC","Lee","Goodwin, Snow and Glenn","Item Created","False","Item Created"
"00QHs00001uJegoMAC","Ware","Jones Inc","Item Created","False","Item Created"
"00QHs00001uJegpMAC","Murray","Nelson, Rojas and Davis","Item Created","False","Item Created"
"00QHs00001uJegqMAC","House","Lopez PLC","Item Created","False","Item Created"
"00QHs00001uJegrMAC","Cain","Freeman-Williams","Item Created","False","Item Created"
"00QHs00001uJegsMAC","Hayes","Finley-Watson","Item Created","False","Item Created"
"00QHs00001uJegtMAC","Brewer","Johnson-Smith","Item Created","False","Item Created"
"00QHs00001uJeguMAC","Anderson","Gilbert-Perez","Item Created","False","Item Created"
"00QHs00001uJegvMAC","Craig","Moyer-Stewart","Item Created","False","Item Created"
"00QHs00001uJegwMAC","Lyons","Guzman Group","Item Created","False","Item Created"
"00QHs00001uJejMMAS","Webb","Reyes-Green","Item Created","False","Item Created"
"00QHs00001uJejNMAS","Williams","Cole PLC","Item Created","False","Item Created"
"00QHs00001uJejOMAS","Miller","Gregory, Lester and Newman","Item Created","False","Item Created"
"00QHs00001uJejPMAS","Hall","Wallace-Thomas","Item Created","False","Item Created"
"00QHs00001uJejQMAS","Zimmerman","Brown, Gardner and Obrien","Item Created","False","Item Created"
"00QHs00001uJejRMAS","Blankenship","Landry-Hamilton","Item Created","False","Item Created"
"00QHs00001uJejSMAS","Mckee","Turner Group","Item Created","False","Item Created"
"00QHs00001uJejTMAS","Wells","Cox and Sons","Item Created","False","Item Created"
"00QHs00001uJejUMAS","Davis","Gray Group","Item Created","False","Item Created"
"00QHs00001uJejVMAS","Rodriguez","Morrison-Johnson","Item Created","False","Item Created"
"00QHs00001uJejWMAS","Nelson","Maddox, Dominguez and Walker","Item Created","False","Item Created"
"00QHs00001uJejXMAS","Hughes","Miller, Kelly and Walker","Item Created","False","Item Created"
"00QHs00001uJejYMAS","Hall","Moreno, Kelly and Maxwell","Item Created","False","Item Created"
"00QHs00001uJejZMAS","Henson","Edwards PLC","Item Created","False","Item Created"
"00QHs00001uJejaMAC","Garza","Cantu, Simpson and Singleton","Item Created","False","Item Created"
"00QHs00001uJejbMAC","Sherman","Garcia, Barber and Jimenez","Item Created","False","Item Created"
"00QHs00001uJejcMAC","Campbell","Cooper, Anderson and Fleming","Item Created","False","Item Created"
"00QHs00001uJejdMAC","Hall","Houston-Salazar","Item Created","False","Item Created"
"00QHs00001uJejeMAC","Browning","Bailey, Parks and Christensen","Item Created","False","Item Created"
"00QHs00001uJejfMAC","Baker","Garner-Smith","Item Created","False","Item Created"
"00QHs00001uJejgMAC","Young","Mcclain PLC","Item Created","False","Item Created"
"00QHs00001uJejhMAC","Velazquez","Morris and Sons","Item Created","False","Item Created"
"00QHs00001uJejiMAC","Davis","Nelson PLC","Item Created","False","Item Created"
"00QHs00001uJejjMAC","Miller","Ross Group","Item Created","False","Item Created"
"00QHs00001uJejkMAC","Jimenez","Ross, Hobbs and Miller","Item Created","False","Item Created"
"00QHs00001uJejlMAC","Davis","Hamilton-Cowan","Item Created","False","Item Created"
"00QHs00001uJejmMAC","Davis","Davis-Maddox","Item Created","False","Item Created"
"00QHs00001uJejnMAC","Hawkins","Edwards, Allen and Wood","Item Created","False","Item Created"
"00QHs00001uJejoMAC","Cameron","Thomas-Phillips","Item Created","False","Item Created"
"00QHs00001uJejpMAC","Evans","Molina and Sons","Item Created","False","Item Created"
"00QHs00001uJejqMAC","Lee","Griffin Inc","Item Created","False","Item Created"
"00QHs00001uJejrMAC","White","Conner-Guzman","Item Created","False","Item Created"
"00QHs00001uJejsMAC","Martin","Fisher Inc","Item Created","False","Item Created"
"00QHs00001uJejtMAC","Lopez","Garza, Sparks and Diaz","Item Created","False","Item Created"
"00QHs00001uJejuMAC","Dominguez","Allen LLC","Item Created","False","Item Created"
"00QHs00001uJejvMAC","Burton","Thompson Inc","Item Created","False","Item Created"
"00QHs00001uJejwMAC","Klein","Rocha Ltd","Item Created","False","Item Created"
"00QHs00001uJejxMAC","Kerr","Campos-Glass","Item Created","False","Item Created"
"00QHs00001uJejyMAC","Anderson","Carr, Grimes and Johnson","Item Created","False","Item Created"
"00QHs00001uJejzMAC","Crawford","Mclaughlin PLC","Item Created","False","Item Created"
"00QHs00001uJek0MAC","Cruz","Mcgee-Smith","Item Created","False","Item Created"
"00QHs00001uJek1MAC","Raymond","Knight-White","Item Created","False","Item Created"
"00QHs00001uJek2MAC","Price","Poole Ltd","Item Created","False","Item Created"
"00QHs00001uJek3MAC","Oconnor","Turner-Richardson","Item Created","False","Item Created"
"00QHs00001uJek4MAC","Liu","Griffin, Montes and Garrison","Item Created","False","Item Created"
"00QHs00001uJek5MAC","Johnson","Choi Inc","Item Created","False","Item Created"
"00QHs00001uJek6MAC","Johnson","Wise, Morris and James","Item Created","False","Item Created"
"00QHs00001uJek7MAC","Robinson","Ortiz-Bradshaw","Item Created","False","Item Created"
"00QHs00001uJek8MAC","Chapman","Wilson-Green","Item Created","False","Item Created"
"00QHs00001uJek9MAC","Brown","Fry Ltd","Item Created","False","Item Created"
"00QHs00001uJekAMAS","Hopkins","Thompson-Owen","Item Created","False","Item Created"
"00QHs00001uJekBMAS","Young","Jefferson PLC","Item Created","False","Item Created"
"00QHs00001uJekCMAS","Hurley","Hall-Mullins","Item Created","False","Item Created"
"00QHs00001uJekDMAS","Harvey","Torres-Nguyen","Item Created","False","Item Created"
"00QHs00001uJekEMAS","Arnold","White, Lewis and Kemp","Item Created","False","Item Created"
"00QHs00001uJekFMAS","Allen","Oneill, Mcconnell and Mosley","Item Created","False","Item Created"
"00QHs00001uJekGMAS","Rogers","Patterson-Townsend","Item Created","False","Item Created"
"00QHs00001uJekHMAS","Moyer","Lewis, Cruz and Cox","Item Created","False","Item Created"
"00QHs00001uJekIMAS","Martinez","Gomez, Mcdonald and Collins","Item Created","False","Item Created"
"00QHs00001uJekJMAS","Jacobson","Patterson, Wilson and Smith","Item Created","False","Item Created"
"00QHs00001uJekKMAS","Grant","Morris LLC","Item Created","False","Item Created"
"00QHs00001uJekLMAS","Stewart","Gonzalez-Friedman","Item Created","False","Item Created"
"00QHs00001uJekMMAS","Marsh","Silva-Ruiz","Item Created","False","Item Created"
"00QHs00001uJekNMAS","Roberts","Ware, Simmons and Oconnor","Item Created","False","Item Created"
"00QHs00001uJekOMAS","Novak","Jones Ltd","Item Created","False","Item Created"
"00QHs00001uJekPMAS","Neal","Meyer Ltd","Item Created","False","Item Created"
"00QHs00001uJekQMAS","Lawson","Medina-Sharp","Item Created","False","Item Created"
"00QHs00001uJekRMAS","Charles","Miller, Garcia and Adams","Item Created","False","Item Created"
"00QHs00001uJekSMAS","Vaughn","Terry-Gibson","Item Created","False","Item Created"
"00QHs00001uJekTMAS","Townsend","Ramos PLC","Item Created","False","Item Created"
"00QHs00001uJekUMAS","Barnett","Nichols PLC","Item Created","False","Item Created"
"00QHs00001uJekVMAS","Torres","Lewis Group","Item Created","False","Item Created"
"00QHs00001uJekWMAS","Lewis","Brady-Frye","Item Created","False","Item Created"
"00QHs00001uJekXMAS","Woods","Butler-Hensley","Item Created","False","Item Created"
"00QHs00001uJekYMAS","Shaw","Foster LLC","Item Created","False","Item Created"
"00QHs00001uJekZMAS","Dickerson","Mcguire and Sons","Item Created","False","Item Created"
"00QHs00001uJekaMAC","Case","Roman-Cook","Item Created","False","Item Created"
"00QHs00001uJekbMAC","Bond","Lewis LLC","Item Created","False","Item Created"
"00QHs00001uJekcMAC","Vance","Roman-Bates","Item Created","False","Item Created"
"00QHs00001uJekdMAC","Martinez","Norris Inc","Item Created","False","Item Created"
"00QHs00001uJekeMAC","Crawford","Sharp-Bauer","Item Created","False","Item Created"
"00QHs00001uJekfMAC","Mosley","Gay, Turner and Miller","Item Created","False","Item Created"
"00QHs00001uJekgMAC","Cook","Stanley LLC","Item Created","False","Item Created"
"00QHs00001uJekhMAC","Harrison","Harrell-Hart","Item Created","False","Item Created"
"00QHs00001uJekiMAC","Raymond","Davis-Fisher","Item Created","False","Item Created"
"00QHs00001uJekjMAC","Clay","Garcia-Higgins","Item Created","False","Item Created"
"00QHs00001uJekkMAC","Wright","Mann PLC","Item Created","False","Item Created"
"00QHs00001uJeklMAC","Perez","Zuniga Ltd","Item Created","False","Item Created"
"00QHs00001uJekmMAC","Reese","Frost-Galvan","Item Created","False","Item Created"
"00QHs00001uJeknMAC","Howe","Mercer, Johnson and Carter","Item Created","False","Item Created"
"00QHs00001uJekoMAC","Davis","Johnson-Goodman","Item Created","False","Item Created"
"00QHs00001uJekpMAC","Waters","Edwards, Powell and Perez","Item Created","False","Item Created"
"00QHs00001uJekqMAC","Henry","Nicholson, Dixon and Waters","Item Created","False","Item Created"
"00QHs00001uJekrMAC","Reed","Baker PLC","Item Created","False","Item Created"
"00QHs00001uJeksMAC","Riley","Brock, Carpenter and Rogers","Item Created","False","Item Created"
"00QHs00001uJektMAC","Price","Cooley-Henry","Item Created","False","Item Created"
"00QHs00001uJekuMAC","Hayes","Freeman-Chapman","Item Created","False","Item Created"
"00QHs00001uJekvMAC","Castillo","Santos and Sons","Item Created","False","Item Created"
"00QHs00001uJekwMAC","Neal","Cochran Group","Item Created","False","Item Created"
"00QHs00001uJekxMAC","Anthony","Hamilton, Dillon and Gonzales","Item Created","False","Item Created"
"00QHs00001uJekyMAC","Wood","Ramsey, Williams and Rojas","Item Created","False","Item Created"
"00QHs00001uJekzMAC","Calhoun","Garcia, Guerrero and Lee","Item Created","False","Item Created"
"00QHs00001uJel0MAC","Weeks","Turner-Sanders","Item Created","False","Item Created"
"00QHs00001uJel1MAC","Armstrong","Sanders-Mendez","Item Created","False","Item Created"
"00QHs00001uJel2MAC","David","Bryant, Copeland and Rhodes","Item Created","False","Item Created"
"00QHs00001uJel3MAC","Meadows","Johnson, Vazquez and Griffin","Item Created","False","Item Created"
"00QHs00001uJel4MAC","Lewis","Green PLC","Item Created","False","Item Created"
"00QHs00001uJel5MAC","Price","Cohen, Nguyen and Rice","Item Created","False","Item Created"
"00QHs00001uJel6MAC","Reed","Black-Ortega","Item Created","False","Item Created"
"00QHs00001uJel7MAC","Simpson","Kane-Miranda","Item Created","False","Item Created"
"00QHs00001uJel8MAC","Hunt","Barber-Mendoza","Item Created","False","Item Created"
"00QHs00001uJel9MAC","Smith","Marshall PLC","Item Created","False","Item Created"
"00QHs00001uJelAMAS","Fisher","Jackson-King","Item Created","False","Item Created"
"00QHs00001uJelBMAS","Frey","Smith, Romero and James","Item Created","False","Item Created"
"00QHs00001uJelCMAS","Stewart","Vargas and Sons","Item Created","False","Item Created"
"00QHs00001uJelDMAS","Hamilton","Fisher-Brooks","Item Created","False","Item Created"
"00QHs00001uJelEMAS","Cooper","Miller and Sons","Item Created","False","Item Created"
"00QHs00001uJelFMAS","Watson","Torres-Sanders","Item Created","False","Item Created"
"00QHs00001uJelGMAS","Mcgee","Harris-Johnson","Item Created","False","Item Created"
"00QHs00001uJelHMAS","Conley","Sanders-Rodriguez","Item Created","False","Item Created"
"00QHs00001uJelIMAS","Estrada","Love, Roberts and Griffith","Item Created","False","Item Created"
"00QHs00001uJelJMAS","Gutierrez","Yates-Patterson","Item Created","False","Item Created"
"00QHs00001uJelKMAS","Meyers","Reese, Ellis and Spears","Item Created","False","Item Created"
"00QHs00001uJelLMAS","Nelson","Adams, Mendoza and Smith","Item Created","False","Item Created"
"00QHs00001uJelMMAS","Leon","Haley, Jackson and Brown","Item Created","False","Item Created"
"00QHs00001uJelNMAS","Ryan","Stout-Case","Item Created","False","Item Created"
"00QHs00001uJelOMAS","Brown","Garza-Jackson","Item Created","False","Item Created"
"00QHs00001uJelPMAS","Davis","Carter-Blanchard","Item Created","False","Item Created"
"00QHs00001uJelQMAS","Valdez","Hensley and Sons","Item Created","False","Item Created"
"00QHs00001uJelRMAS","Lee","Harrison-Johnson","Item Created","False","Item Created"
"00QHs00001uJelSMAS","Perez","Atkins-Robinson","Item Created","False","Item Created"
"00QHs00001uJelTMAS","Liu","Torres and Sons","Item Created","False","Item Created"
"00QHs00001uJelUMAS","Waters","Rodriguez Inc","Item Created","False","Item Created"
"00QHs00001uJelVMAS","Carr","Diaz-Patton","Item Created","False","Item Created"
"00QHs00001uJelWMAS","Lopez","Smith, Hawkins and Mann","Item Created","False","Item Created"
"00QHs00001uJelXMAS","Jacobson","Long, Lloyd and Hickman","Item Created","False","Item Created"
"00QHs00001uJelYMAS","Ruiz","Finley, Schmidt and Flynn","Item Created","False","Item Created"
"00QHs00001uJelZMAS","Gomez","Myers, Larsen and Fleming","Item Created","False","Item Created"
"00QHs00001uJelaMAC","Hernandez","Gallagher, Franklin and Jackson","Item Created","False","Item Created"
"00QHs00001uJelbMAC","Lambert","Ewing-Lopez","Item Created","False","Item Created"
"00QHs00001uJelcMAC","Murillo","Anderson-Bauer","Item Created","False","Item Created"
"00QHs00001uJeldMAC","Wilson","Clark PLC","Item Created","False","Item Created"
"00QHs00001uJeleMAC","May","Jones LLC","Item Created","False","Item Created"
"00QHs00001uJelfMAC","Dominguez","Woods-Chambers","Item Created","False","Item Created"
"00QHs00001uJelgMAC","Silva","Jackson LLC","Item Created","False","Item Created"
"00QHs00001uJelhMAC","Garcia","Velasquez Inc","Item Created","False","Item Created"
"00QHs00001uJeliMAC","Reynolds","White Group","Item Created","False","Item Created"
"00QHs00001uJeljMAC","Scott","Gutierrez, Santos and Deleon","Item Created","False","Item Created"
"00QHs00001uJelkMAC","Hendricks","Lowery-Hill","Item Created","False","Item Created"
"00QHs00001uJeoBMAS","Miller","Davis, Knight and Ponce","Item Created","False","Item Created"
"00QHs00001uJeoCMAS","Blake","Mitchell Inc","Item Created","False","Item Created"
"00QHs00001uJeoDMAS","Dalton","Thompson-Blackwell","Item Created","False","Item Created"
"00QHs00001uJeoEMAS","Anderson","Frey-Thomas","Item Created","False","Item Created"
"00QHs00001uJeoFMAS","Edwards","Zamora-Haley","Item Created","False","Item Created"
"00QHs00001uJeoGMAS","Hernandez","Johnson LLC","Item Created","False","Item Created"
"00QHs00001uJeoHMAS","Hamilton","Mayo Ltd","Item Created","False","Item Created"
"00QHs00001uJeoIMAS","Roberts","Lopez-Stone","Item Created","False","Item Created"
"00QHs00001uJeoJMAS","White","Walker-Young","Item Created","False","Item Created"
"00QHs00001uJeoKMAS","Brown","Lee, Gross and Higgins","Item Created","False","Item Created"
"00QHs00001uJeoLMAS","Cochran","Fisher PLC","Item Created","False","Item Created"
"00QHs00001uJeoMMAS","Lopez","Salas Ltd","Item Created","False","Item Created"
"00QHs00001uJeoNMAS","Stone","Bright PLC","Item Created","False","Item Created"
"00QHs00001uJeoOMAS","Lopez","Fletcher LLC","Item Created","False","Item Created"
"00QHs00001uJeoPMAS","Mercado","Smith-Johnson","Item Created","False","Item Created"
"00QHs00001uJeoQMAS","Tran","Cross, Rivera and Harrison","Item Created","False","Item Created"
"00QHs00001uJeoRMAS","Fleming","Bennett PLC","Item Created","False","Item Created"
"00QHs00001uJeoSMAS","Turner","Mitchell-Zimmerman","Item Created","False","Item Created"
"00QHs00001uJeoTMAS","Davis","Davis, Turner and Moore","Item Created","False","Item Created"
"00QHs00001uJeoUMAS","Deleon","Kramer, Terry and White","Item Created","False","Item Created"
"00QHs00001uJeoVMAS","Dudley","Ford, Ruiz and Burns","Item Created","False","Item Created"
"00QHs00001uJeoWMAS","Boyd","Sanders, Meyer and Heath","Item Created","False","Item Created"
"00QHs00001uJeoXMAS","Atkinson","Coleman-White","Item Created","False","Item Created"
"00QHs00001uJeoYMAS","Wheeler","Sharp-Anderson","Item Created","False","Item Created"
"00QHs00001uJeoZMAS","Cunningham","Graham, Smith and Gallagher","Item Created","False","Item Created"
"00QHs00001uJeoaMAC","Smith","Young, Ray and Wilson","Item Created","False","Item Created"
"00QHs00001uJeobMAC","Mason","Williamson, Price and Kent","Item Created","False","Item Created"
"00QHs00001uJeocMAC","Walton","Becker Ltd","Item Created","False","Item Created"
"00QHs00001uJeodMAC","Sparks","Henry-Moore","Item Created","False","Item Created"
"00QHs00001uJeoeMAC","Medina","Harris-Page","Item Created","False","Item Created"
"00QHs00001uJeofMAC","Flynn","Sanchez, Rivers and Stevenson","Item Created","False","Item Created"
"00QHs00001uJeogMAC","Larson","Franklin, Bell and Morrow","Item Created","False","Item Created"
"00QHs00001uJeohMAC","Martinez","Stewart-Torres","Item Created","False","Item Created"
"00QHs00001uJeoiMAC","Reyes","Lawrence-Evans","Item Created","False","Item Created"
"00QHs00001uJeojMAC","Hernandez","Hayes, Wilson and Moore","Item Created","False","Item Created"
"00QHs00001uJeokMAC","Johnson","Morris PLC","Item Created","False","Item Created"
"00QHs00001uJeolMAC","Esparza","Clark, Martinez and Edwards","Item Created","False","Item Created"
"00QHs00001uJeomMAC","Turner","Young-Hansen","Item Created","False","Item Created"
"00QHs00001uJeonMAC","Martinez","Mack, Davis and Pruitt","Item Created","False","Item Created"
"00QHs00001uJeooMAC","Gillespie","Taylor-Stephens","Item Created","False","Item Created"
"00QHs00001uJeopMAC","Norton","Moses, Cooley and Summers","Item Created","False","Item Created"
"00QHs00001uJeoqMAC","Harris","Buckley-Scott","Item Created","False","Item Created"
"00QHs00001uJeorMAC","Summers","Evans-Mcneil","Item Created","False","Item Created"
"00QHs00001uJeosMAC","Michael","Newman-Martinez","Item Created","False","Item Created"
"00QHs00001uJeotMAC","Meyer","Jordan-Mayo","Item Created","False","Item Created"
"00QHs00001uJeouMAC","Hill","Scott Group","Item Created","False","Item Created"
"00QHs00001uJeovMAC","Diaz","Rich LLC","Item Created","False","Item Created"
"00QHs00001uJeowMAC","Smith","Lucero Ltd","Item Created","False","Item Created"
"00QHs00001uJeoxMAC","Gray","Lopez PLC","Item Created","False","Item Created"
"00QHs00001uJeoyMAC","Ward","Morgan, Ortiz and Brown","Item Created","False","Item Created"
"00QHs00001uJeozMAC","Campbell","Mitchell-Wagner","Item Created","False","Item Created"
"00QHs00001uJep0MAC","Chavez","Cameron Inc","Item Created","False","Item Created"
"00QHs00001uJep1MAC","Reyes","Martin-Barr","Item Created","False","Item Created"
"00QHs00001uJep2MAC","Hayes","Marshall-Wall","Item Created","False","Item Created"
"00QHs00001uJep3MAC","Hebert","Holmes-Porter","Item Created","False","Item Created"
"00QHs00001uJep4MAC","Hoffman","Franco LLC","Item Created","False","Item Created"
"00QHs00001uJep5MAC","Pennington","Young and Sons","Item Created","False","Item Created"
"00QHs00001uJep6MAC","Weiss","Underwood, Watts and Moore","Item Created","False","Item Created"
"00QHs00001uJep7MAC","Blevins","Morales-Rosales","Item Created","False","Item Created"
"00QHs00001uJep8MAC","Johnson","Benton, Huffman and Anthony","Item Created","False","Item Created"
"00QHs00001uJep9MAC","Newman","Brown Inc","Item Created","False","Item Created"
"00QHs00001uJepAMAS","Malone","Simpson, Wilson and Boyd","Item Created","False","Item Created"
"00QHs00001uJepBMAS","Gutierrez","Mcdaniel Group","Item Created","False","Item Created"
"00QHs00001uJepCMAS","Saunders","Cooper-Perry","Item Created","False","Item Created"
"00QHs00001uJepDMAS","Smith","Henson, Cohen and Johnson","Item Created","False","Item Created"
"00QHs00001uJepEMAS","Martinez","Jones, Murphy and Williams","Item Created","False","Item Created"
"00QHs00001uJepFMAS","Brewer","Schmidt Group","Item Created","False","Item Created"
"00QHs00001uJepGMAS","Peterson","White, Ramos and Horton","Item Created","False","Item Created"
"00QHs00001uJepHMAS","Hobbs","Grant-Sawyer","Item Created","False","Item Created"
"00QHs00001uJepIMAS","Chapman","Clark-Flores","Item Created","False","Item Created"
"00QHs00001uJepJMAS","Guerrero","Ramirez-Blake","Item Created","False","Item Created"
"00QHs00001uJepKMAS","Lang","Chapman-Bonilla","Item Created","False","Item Created"
"00QHs00001uJepLMAS","Powers","Preston-Lewis","Item Created","False","Item Created"
"00QHs00001uJepMMAS","Smith","Beck, Alvarez and Schneider","Item Created","False","Item Created"
"00QHs00001uJepNMAS","Ross","Gibbs, Davis and Allen","Item Created","False","Item Created"
"00QHs00001uJepOMAS","Hall","Bruce Group","Item Created","False","Item Created"
"00QHs00001uJepPMAS","Knight","Armstrong LLC","Item Created","False","Item Created"
"00QHs00001uJepQMAS","Collins","Freeman-Lopez","Item Created","False","Item Created"
"00QHs00001uJepRMAS","Reid","Vaughn Inc","Item Created","False","Item Created"
"00QHs00001uJepSMAS","Hill","Jones-Gomez","Item Created","False","Item Created"
"00QHs00001uJepTMAS","Dennis","Bailey PLC","Item Created","False","Item Created"
"00QHs00001uJepUMAS","Ruiz","Walker Group","Item Created","False","Item Created"
"00QHs00001uJepVMAS","Anderson","Smith-Jenkins","Item Created","False","Item Created"
"00QHs00001uJepWMAS","Griffin","Underwood and Sons","Item Created","False","Item Created"
"00QHs00001uJepXMAS","Lopez","Sanchez-Nash","Item Created","False","Item Created"
"00QHs00001uJepYMAS","King","Walter, Martin and Anderson","Item Created","False","Item Created"
"00QHs00001uJepZMAS","Mendoza","Hoffman, Ramos and Mclaughlin","Item Created","False","Item Created"
"00QHs00001uJepaMAC","Nash","Nolan-Hill","Item Created","False","Item Created"
"00QHs00001uJepbMAC","Cisneros","Jones, Hebert and Thornton","Item Created","False","Item Created"
"00QHs00001uJepcMAC","Gibbs","Lewis Ltd","Item Created","False","Item Created"
"00QHs00001uJepdMAC","Charles","Murphy, Cole and Patel","Item Created","False","Item Created"
"00QHs00001uJepeMAC","Burns","Lawson-Ferguson","Item Created","False","Item Created"
"00QHs00001uJepfMAC","Smith","Murray, Rodriguez and Burnett","Item Created","False","Item Created"
"00QHs00001uJepgMAC","Garner","Mahoney Inc","Item Created","False","Item Created"
"00QHs00001uJephMAC","Oconnor","Le-Gonzales","Item Created","False","Item Created"
"00QHs00001uJepiMAC","Simon","Kelly, Garcia and Arnold","Item Created","False","Item Created"
"00QHs00001uJepjMAC","Peterson","Wagner Group","Item Created","False","Item Created"
"00QHs00001uJepkMAC","Williams","Frank-Peterson","Item Created","False","Item Created"
"00QHs00001uJeplMAC","Leon","Lewis Ltd","Item Created","False","Item Created"
"00QHs00001uJepmMAC","Santiago","Torres-Smith","Item Created","False","Item Created"
"00QHs00001uJepnMAC","Fitzgerald","Estrada-Smith","Item Created","False","Item Created"
"00QHs00001uJepoMAC","Hansen","Cox, Ballard and Cline","Item Created","False","Item Created"
"00QHs00001uJeppMAC","Long","Osborn-Swanson","Item Created","False","Item Created"
"00QHs00001uJepqMAC","Stokes","Nguyen Inc","Item Created","False","Item Created"
"00QHs00001uJeprMAC","Robles","Thomas Inc","Item Created","False","Item Created"
"00QHs00001uJepsMAC","Miller","Gates-Walls","Item Created","False","Item Created"
"00QHs00001uJeptMAC","Brooks","Whitney, Rose and Tapia","Item Created","False","Item Created"
"00QHs00001uJepuMAC","Bennett","Gardner, Mccarthy and Heath","Item Created","False","Item Created"
"00QHs00001uJepvMAC","Pearson","Olson, Finley and Black","Item Created","False","Item Created"
"00QHs00001uJepwMAC","Ortega","Jackson Inc","Item Created","False","Item Created"
"00QHs00001uJepxMAC","Day","Nunez Ltd","Item Created","False","Item Created"
"00QHs00001uJepyMAC","Fleming","Cruz-Johnson","Item Created","False","Item Created"
"00QHs00001uJepzMAC","Hanson","Martin Ltd","Item Created","False","Item Created"
"00QHs00001uJeq0MAC","Stephens","Lee Group","Item Created","False","Item Created"
"00QHs00001uJeq1MAC","Delgado","Mccarthy-Castro","Item Created","False","Item Created"
"00QHs00001uJeq2MAC","Jones","Rodriguez and Sons","Item Created","False","Item Created"
"00QHs00001uJeq3MAC","Taylor","Nicholson Ltd","Item Created","False","Item Created"
"00QHs00001uJeq4MAC","Lewis","Robertson PLC","Item Created","False","Item Created"
"00QHs00001uJeq5MAC","Jenkins","Harrell-Burgess","Item Created","False","Item Created"
"00QHs00001uJeq6MAC","Mclean","Wright, Nelson and Johnson","Item Created","False","Item Created"
"00QHs00001uJeq7MAC","Carr","Miller LLC","Item Created","False","Item Created"
"00QHs00001uJeq8MAC","Murphy","Wise, Johnson and Kane","Item Created","False","Item Created"
"00QHs00001uJeq9MAC","Baker","Duran-Parker","Item Created","False","Item Created"
"00QHs00001uJeqAMAS","Reid","Harding Ltd","Item Created","False","Item Created"
"00QHs00001uJeqBMAS","Graham","Lucas-Guzman","Item Created","False","Item Created"
"00QHs00001uJeqCMAS","Chang","Collins, Jones and Todd","Item Created","False","Item Created"
"00QHs00001uJeqDMAS","Carrillo","Olson and Sons","Item Created","False","Item Created"
"00QHs00001uJeqEMAS","Smith","Mclaughlin, Dunn and King","Item Created","False","Item Created"
"00QHs00001uJeqFMAS","Myers","Benjamin-Evans","Item Created","False","Item Created"
"00QHs00001uJeqGMAS","Williams","Ferguson LLC","Item Created","False","Item Created"
"00QHs00001uJeqHMAS","Graham","Long-Hancock","Item Created","False","Item Created"
"00QHs00001uJeqIMAS","Davis","Crosby Inc","Item Created","False","Item Created"
"00QHs00001uJeqJMAS","Murray","Walker and Sons","Item Created","False","Item Created"
"00QHs00001uJeqKMAS","Fitzgerald","Castro-Brewer","Item Created","False","Item Created"
"00QHs00001uJeqLMAS","Smith","Moore, Joyce and Harrison","Item Created","False","Item Created"
"00QHs00001uJeqMMAS","Oconnell","Oconnor, Ross and Brown","Item Created","False","Item Created"
"00QHs00001uJeqNMAS","Taylor","Smith-Hudson","Item Created","False","Item Created"
"00QHs00001uJeqOMAS","Rhodes","Hill-Hutchinson","Item Created","False","Item Created"
"00QHs00001uJeqPMAS","Cunningham","King and Sons","Item Created","False","Item Created"
"00QHs00001uJeqQMAS","Cunningham","Lewis-Hawkins","Item Created","False","Item Created"
"00QHs00001uJeqRMAS","Vasquez","Cooper, Flynn and Ward","Item Created","False","Item Created"
"00QHs00001uJeqSMAS","Garcia","James, Gillespie and Pearson","Item Created","False","Item Created"
"00QHs00001uJeqTMAS","Hall","Brown, Mcintyre and Williams","Item Created","False","Item Created"
"00QHs00001uJeqUMAS","Brewer","Wallace-Anderson","Item Created","False","Item Created"
"00QHs00001uJeqVMAS","Jackson","Daugherty, Singleton and Ruiz","Item Created","False","Item Created"
"00QHs00001uJeqWMAS","Perez","Cunningham Group","Item Created","False","Item Created"
"00QHs00001uJeqXMAS","Sparks","White-Smith","Item Created","False","Item Created"
"00QHs00001uJeqYMAS","Buchanan","Owen, Byrd and Weber","Item Created","False","Item Created"
"00QHs00001uJeqZMAS","Peterson","Rollins LLC","Item Created","False","Item Created"
"00QHs00001uJeqaMAC","Ross","Wagner-Owens","Item Created","False","Item Created"
"00QHs00001uJet3MAC","Brown","Flores-Williams","Item Created","False","Item Created"
"00QHs00001uJet4MAC","Wyatt","Thompson-Washington","Item Created","False","Item Created"
"00QHs00001uJet5MAC","Kelley","Washington, Bryant and Wilson","Item Created","False","Item Created"
"00QHs00001uJet6MAC","Lewis","Boyd-Moyer","Item Created","False","Item Created"
"00QHs00001uJet7MAC","Castillo","Peterson Group","Item Created","False","Item Created"
"00QHs00001uJet8MAC","Jones","Madden-Benitez","Item Created","False","Item Created"
"00QHs00001uJet9MAC","Todd","Butler, Davidson and Velasquez","Item Created","False","Item Created"
"00QHs00001uJetAMAS","Montoya","Sanchez Inc","Item Created","False","Item Created"
"00QHs00001uJetBMAS","Valenzuela","Reeves-Robinson","Item Created","False","Item Created"
"00QHs00001uJetCMAS","King","Lane Ltd","Item Created","False","Item Created"
"00QHs00001uJetDMAS","Brown","Woods, Garcia and Davis","Item Created","False","Item Created"
"00QHs00001uJetEMAS","Davis","James, King and Wilson","Item Created","False","Item Created"
"00QHs00001uJetFMAS","Walker","Smith and Sons","Item Created","False","Item Created"
"00QHs00001uJetGMAS","Phillips","Gibbs Group","Item Created","False","Item Created"
"00QHs00001uJetHMAS","Barnes","Reeves Group","Item Created","False","Item Created"
"00QHs00001uJetIMAS","Zimmerman","Jones, Thompson and White","Item Created","False","Item Created"
"00QHs00001uJetJMAS","Burke","Clark, Mcneil and Padilla","Item Created","False","Item Created"
"00QHs00001uJetKMAS","Mcconnell","Robinson-Long","Item Created","False","Item Created"
"00QHs00001uJetLMAS","Johnson","Morales, Harris and Baker","Item Created","False","Item Created"
"00QHs00001uJetMMAS","Mata","Jenkins, Campbell and Cooper","Item Created","False","Item Created"
"00QHs00001uJetNMAS","Nichols","Wilson, Ray and Meadows","Item Created","False","Item Created"
"00QHs00001uJetOMAS","Rivers","Johnson Inc","Item Created","False","Item Created"
"00QHs00001uJetPMAS","Young","Reynolds PLC","Item Created","False","Item Created"
"00QHs00001uJetQMAS","Myers","Morgan and Sons","Item Created","False","Item Created"
"00QHs00001uJetRMAS","Parsons","Rodriguez Group","Item Created","False","Item Created"
"00QHs00001uJetSMAS","Gomez","Richards, Gonzalez and Odom","Item Created","False","Item Created"
"00QHs00001uJetTMAS","Henry","Schroeder Inc","Item Created","False","Item Created"
"00QHs00001uJetUMAS","Webster","Smith Group","Item Created","False","Item Created"
"00QHs00001uJetVMAS","Cooper","Gardner PLC","Item Created","False","Item Created"
"00QHs00001uJetWMAS","Armstrong","Davis-Morrison","Item Created","False","Item Created"
"00QHs00001uJetXMAS","Griffin","Carter-Peterson","Item Created","False","Item Created"
"00QHs00001uJetYMAS","Richard","Blair, Wright and Morris","Item Created","False","Item Created"
"00QHs00001uJetZMAS","Clark","Turner, Richard and Smith","Item Created","False","Item Created"
"00QHs00001uJetaMAC","Watkins","Wood-Johnson","Item Created","False","Item Created"
"00QHs00001uJetbMAC","Hunt","Hogan, Miller and Reese","Item Created","False","Item Created"
"00QHs00001uJetcMAC","Richardson","Jensen, Reed and Gaines","Item Created","False","Item Created"
"00QHs00001uJetdMAC","Thomas","Irwin-Williams","Item Created","False","Item Created"
"00QHs00001uJeteMAC","Rogers","Johnson-Diaz","Item Created","False","Item Created"
"00QHs00001uJetfMAC","Lopez","Clark-Ford","Item Created","False","Item Created"
"00QHs00001uJetgMAC","Garcia","Sawyer, Hill and Patel","Item Created","False","Item Created"
"00QHs00001uJethMAC","Combs","Bradford, Alvarado and Harris","Item Created","False","Item Created"
"00QHs00001uJetiMAC","Morris","Martinez-Freeman","Item Created","False","Item Created"
"00QHs00001uJetjMAC","Smith","Herrera Ltd","Item Created","False","Item Created"
"00QHs00001uJetkMAC","Carr","Martinez-Williams","Item Created","False","Item Created"
"00QHs00001uJetlMAC","Raymond","Adams-Martinez","Item Created","False","Item Created"
"00QHs00001uJetmMAC","Graham","Taylor-Cohen","Item Created","False","Item Created"
"00QHs00001uJetnMAC","Park","Jensen-Soto","Item Created","False","Item Created"
"00QHs00001uJetoMAC","Chavez","Parker Ltd","Item Created","False","Item Created"
"00QHs00001uJetpMAC","Vincent","Miller-Rivas","Item Created","False","Item Created"
"00QHs00001uJetqMAC","Yang","Monroe-Ryan","Item Created","False","Item Created"
"00QHs00001uJetrMAC","Sandoval","Rodriguez-Buck","Item Created","False","Item Created"
"00QHs00001uJetsMAC","Burns","Carrillo Group","Item Created","False","Item Created"
"00QHs00001uJettMAC","Gillespie","Hill, Brennan and Garcia","Item Created","False","Item Created"
"00QHs00001uJetuMAC","Harper","Brown, Nichols and Watts","Item Created","False","Item Created"
"00QHs00001uJetvMAC","Sosa","Stewart-Wilson","Item Created","False","Item Created"
"00QHs00001uJetwMAC","Bailey","Woods and Sons","Item Created","False","Item Created"
"00QHs00001uJetxMAC","Durham","Robbins and Sons","Item Created","False","Item Created"
"00QHs00001uJetyMAC","Hoffman","Moore, Arnold and Williams","Item Created","False","Item Created"
"00QHs00001uJetzMAC","Haas","Hill, Zavala and Moore","Item Created","False","Item Created"
"00QHs00001uJeu0MAC","Torres","Wong PLC","Item Created","False","Item Created"
"00QHs00001uJeu1MAC","Sharp","Wiggins-Robinson","Item Created","False","Item Created"
"00QHs00001uJeu2MAC","Barnes","James-Sullivan","Item Created","False","Item Created"
"00QHs00001uJeu3MAC","Knight","Strickland, Kent and Lara","Item Created","False","Item Created"
"00QHs00001uJeu4MAC","Jordan","Hughes LLC","Item Created","False","Item Created"
"00QHs00001uJeu5MAC","Baird","Jones, Kelley and Adams","Item Created","False","Item Created"
"00QHs00001uJeu6MAC","Glover","Mitchell-Jackson","Item Created","False","Item Created"
"00QHs00001uJeu7MAC","Lopez","Rogers-King","Item Created","False","Item Created"
"00QHs00001uJeu8MAC","Hayes","Patton, Smith and Davis","Item Created","False","Item Created"
"00QHs00001uJeu9MAC","Green","Bell LLC","Item Created","False","Item Created"
"00QHs00001uJeuAMAS","Holland","Hickman and Sons","Item Created","False","Item Created"
"00QHs00001uJeuBMAS","Lopez","Barrera, Eaton and Spears","Item Created","False","Item Created"
"00QHs00001uJeuCMAS","Freeman","Daugherty-Calhoun","Item Created","False","Item Created"
"00QHs00001uJeuDMAS","Wright","Erickson, Schwartz and Jackson","Item Created","False","Item Created"
"00QHs00001uJeuEMAS","Smith","Richardson Ltd","Item Created","False","Item Created"
"00QHs00001uJeuFMAS","Soto","Miller-Rodriguez","Item Created","False","Item Created"
"00QHs00001uJeuGMAS","Roberts","Meyer PLC","Item Created","False","Item Created"
"00QHs00001uJeuHMAS","Smith","Parker, Ray and Smith","Item Created","False","Item Created"
"00QHs00001uJeuIMAS","Townsend","Hurst, Wilson and Davis","Item Created","False","Item Created"
"00QHs00001uJeuJMAS","Reed","Andrews-Warren","Item Created","False","Item Created"
"00QHs00001uJeuKMAS","Rangel","Olson Ltd","Item Created","False","Item Created"
"00QHs00001uJeuLMAS","Reed","Duarte, Jordan and Murphy","Item Created","False","Item Created"
"00QHs00001uJeuMMAS","Young","Johnson-Blair","Item Created","False","Item Created"
"00QHs00001uJeuNMAS","Freeman","Little Group","Item Created","False","Item Created"
"00QHs00001uJeuOMAS","Molina","Hendrix, Olson and Perkins","Item Created","False","Item Created"
"00QHs00001uJeuPMAS","Moreno","Wilson Group","Item Created","False","Item Created"
"00QHs00001uJeuQMAS","Bradshaw","Mcmahon and Sons","Item Created","False","Item Created"
"00QHs00001uJeuRMAS","Romero","Russell-Jones","Item Created","False","Item Created"
"00QHs00001uJeuSMAS","Allen","Gibson PLC","Item Created","False","Item Created"
"00QHs00001uJeuTMAS","Moyer","Ramirez, Simmons and Johnson","Item Created","False","Item Created"
"00QHs00001uJeuUMAS","Taylor","Bartlett-Diaz","Item Created","False","Item Created"
"00QHs00001uJeuVMAS","Hall","Cain, Whitehead and Jones","Item Created","False","Item Created"
"00QHs00001uJeuWMAS","Oneill","Hale-Smith","Item Created","False","Item Created"
"00QHs00001uJeuXMAS","Banks","Santiago PLC","Item Created","False","Item Created"
"00QHs00001uJeuYMAS","Noble","Petty Group","Item Created","False","Item Created"
"00QHs00001uJeuZMAS","Smith","Brown, Hansen and Lambert","Item Created","False","Item Created"
"00QHs00001uJeuaMAC","Moore","Smith Inc","Item Created","False","Item Created"
"00QHs00001uJeubMAC","Gomez","Adams Ltd","Item Created","False","Item Created"
"00QHs00001uJeucMAC","Mann","Wright-Alvarez","Item Created","False","Item Created"
"00QHs00001uJeudMAC","Wong","Bartlett, Ochoa and Nolan","Item Created","False","Item Created"
"00QHs00001uJeueMAC","Bowers","Gray-Pittman","Item Created","False","Item Created"
"00QHs00001uJeufMAC","Anderson","Anthony-Mata","Item Created","False","Item Created"
"00QHs00001uJeugMAC","Spencer","Whitney, Evans and Montoya","Item Created","False","Item Created"
"00QHs00001uJeuhMAC","Shields","Burgess, Wang and Smith","Item Created","False","Item Created"
"00QHs00001uJeuiMAC","Wagner","Green, Knight and Mitchell","Item Created","False","Item Created"
"00QHs00001uJeujMAC","Walker","Martin-Rogers","Item Created","False","Item Created"
"00QHs00001uJeukMAC","White","Green and Sons","Item Created","False","Item Created"
"00QHs00001uJeulMAC","French","Barber, Lewis and Hernandez","Item Created","False","Item Created"
"00QHs00001uJeumMAC","Gillespie","Lara-Romero","Item Created","False","Item Created"
"00QHs00001uJeunMAC","Smith","Ali-Walker","Item Created","False","Item Created"
"00QHs00001uJeuoMAC","Maddox","Salas-Hamilton","Item Created","False","Item Created"
"00QHs00001uJeupMAC","Ramos","Brown, Wilson and Allen","Item Created","False","Item Created"
"00QHs00001uJeuqMAC","Smith","Hall and Sons","Item Created","False","Item Created"
"00QHs00001uJeurMAC","Rogers","Flores Inc","Item Created","False","Item Created"
"00QHs00001uJeusMAC","Martinez","Romero-Cochran","Item Created","False","Item Created"
"00QHs00001uJeutMAC","Garrett","Martin, Bishop and Maynard","Item Created","False","Item Created"
"00QHs00001uJeuuMAC","Brown","Smith, Evans and Ayers","Item Created","False","Item Created"
"00QHs00001uJeuvMAC","Rodriguez","Miller Group","Item Created","False","Item Created"
"00QHs00001uJeuwMAC","Williams","Horn-Faulkner","Item Created","False","Item Created"
"00QHs00001uJeuxMAC","Taylor","Richardson, Anderson and Reed","Item Created","False","Item Created"
"00QHs00001uJeuyMAC","Chandler","Mcdaniel-Jones","Item Created","False","Item Created"
"00QHs00001uJeuzMAC","Perry","Baxter-Thomas","Item Created","False","Item Created"
"00QHs00001uJev0MAC","Vargas","Waller-Olson","Item Created","False","Item Created"
"00QHs00001uJev1MAC","Cunningham","Davis and Sons","Item Created","False","Item Created"
"00QHs00001uJev2MAC","Hensley","Edwards, Bates and Todd","Item Created","False","Item Created"
"00QHs00001uJev3MAC","Fuentes","Solis PLC","Item Created","False","Item Created"
"00QHs00001uJev4MAC","Johnson","Simon, Simpson and Bowers","Item Created","False","Item Created"
"00QHs00001uJev5MAC","Harris","Barnes, Gray and Flores","Item Created","False","Item Created"
"00QHs00001uJev6MAC","Lawrence","Ortega, Jones and Williams","Item Created","False","Item Created"
"00QHs00001uJev7MAC","Robles","Harrell, Hernandez and Smith","Item Created","False","Item Created"
"00QHs00001uJev8MAC","Dodson","Barron, Myers and Mcdaniel","Item Created","False","Item Created"
"00QHs00001uJev9MAC","Ballard","Robbins Inc","Item Created","False","Item Created"
"00QHs00001uJevAMAS","Singleton","Kent-Williams","Item Created","False","Item Created"
"00QHs00001uJevBMAS","Livingston","Saunders Ltd","Item Created","False","Item Created"
"00QHs00001uJevCMAS","Higgins","Smith-Ali","Item Created","False","Item Created"
"00QHs00001uJevDMAS","Anderson","Hancock Group","Item Created","False","Item Created"
"00QHs00001uJevEMAS","Black","Freeman-Martin","Item Created","False","Item Created"
"00QHs00001uJevFMAS","Wilson","Watts, Thomas and Heath","Item Created","False","Item Created"
"00QHs00001uJevGMAS","Cruz","Stewart Group","Item Created","False","Item Created"
"00QHs00001uJevHMAS","Lewis","Carr-Holland","Item Created","False","Item Created"
"00QHs00001uJevIMAS","Martinez","Hart-Medina","Item Created","False","Item Created"
"00QHs00001uJevJMAS","Hardy","Mercado, Jones and Mosley","Item Created","False","Item Created"
"00QHs00001uJevKMAS","Bright","Ward and Sons","Item Created","False","Item Created"
"00QHs00001uJevLMAS","Miller","Spencer and Sons","Item Created","False","Item Created"
"00QHs00001uJevMMAS","Edwards","Turner, Chen and Barker","Item Created","False","Item Created"
"00QHs00001uJevNMAS","Hernandez","Wallace Ltd","Item Created","False","Item Created"
"00QHs00001uJevOMAS","Lewis","Walter, Martin and Allen","Item Created","False","Item Created"
"00QHs00001uJevPMAS","Lane","Schneider-Santiago","Item Created","False","Item Created"
"00QHs00001uJevQMAS","Obrien","Weeks Ltd","Item Created","False","Item Created"
"00QHs00001uJevRMAS","Willis","Williams Group","Item Created","False","Item Created"
"00QHs00001uJevSMAS","Dorsey","Martinez, Green and Smith","Item Created","False","Item Created"
"00QHs00001uJevTMAS","Cooper","Thomas-Booth","Item Created","False","Item Created"
"00QHs00001uJevUMAS","Lewis","Davis, Cook and Davis","Item Created","False","Item Created"
"00QHs00001uJexqMAC","Saunders","Campbell Group","Item Created","False","Item Created"
"00QHs00001uJexrMAC","Martin","Howard, Houston and Whitaker","Item Created","False","Item Created"
"00QHs00001uJexsMAC","Taylor","Huang Ltd","Item Created","False","Item Created"
"00QHs00001uJextMAC","Tran","Bullock, Sanchez and Bean","Item Created","False","Item Created"
"00QHs00001uJexuMAC","Mckinney","Wolf-Morgan","Item Created","False","Item Created"
"00QHs00001uJexvMAC","Arroyo","Cooper LLC","Item Created","False","Item Created"
"00QHs00001uJexwMAC","Wright","Gibbs-Stevens","Item Created","False","Item Created"
"00QHs00001uJexxMAC","Neal","Acevedo Group","Item Created","False","Item Created"
"00QHs00001uJexyMAC","Garcia","Gonzalez-Padilla","Item Created","False","Item Created"
"00QHs00001uJexzMAC","Sanchez","Underwood-Brooks","Item Created","False","Item Created"
"00QHs00001uJey0MAC","Pratt","Howell, Swanson and Mckenzie","Item Created","False","Item Created"
"00QHs00001uJey1MAC","Petty","Robinson Inc","Item Created","False","Item Created"
"00QHs00001uJey2MAC","Lopez","Gutierrez, Franklin and Freeman","Item Created","False","Item Created"
"00QHs00001uJey3MAC","Schroeder","Perez-Robbins","Item Created","False","Item Created"
"00QHs00001uJey4MAC","Jones","Alexander and Sons","Item Created","False","Item Created"
"00QHs00001uJey5MAC","Miller","Reed-Mills","Item Created","False","Item Created"
"00QHs00001uJey6MAC","Rosario","Rivers LLC","Item Created","False","Item Created"
"00QHs00001uJey7MAC","Reyes","Calhoun, Moyer and Vaughn","Item Created","False","Item Created"
"00QHs00001uJey8MAC","Baird","Rodriguez, Hanson and Lopez","Item Created","False","Item Created"
"00QHs00001uJey9MAC","Ingram","Cunningham Group","Item Created","False","Item Created"
"00QHs00001uJeyAMAS","Ray","Kramer, Ramirez and Hicks","Item Created","False","Item Created"
"00QHs00001uJeyBMAS","Wilson","Hudson-Jones","Item Created","False","Item Created"
"00QHs00001uJeyCMAS","Evans","Welch, Valdez and Dominguez","Item Created","False","Item Created"
"00QHs00001uJeyDMAS","Patel","Oneal-Ruiz","Item Created","False","Item Created"
"00QHs00001uJeyEMAS","White","Anderson-Miller","Item Created","False","Item Created"
"00QHs00001uJeyFMAS","Patterson","Lang, Turner and Gordon","Item Created","False","Item Created"
"00QHs00001uJeyGMAS","Bishop","Wood-Fleming","Item Created","False","Item Created"
"00QHs00001uJeyHMAS","Thomas","Robertson, Thomas and Martin","Item Created","False","Item Created"
"00QHs00001uJeyIMAS","Powell","Herrera-Wade","Item Created","False","Item Created"
"00QHs00001uJeyJMAS","Wilson","Goodman, Page and Morrow","Item Created","False","Item Created"
"00QHs00001uJeyKMAS","Vasquez","Ross, Simmons and Hamilton","Item Created","False","Item Created"
"00QHs00001uJeyLMAS","Johnson","Smith Group","Item Created","False","Item Created"
"00QHs00001uJeyMMAS","Gardner","Taylor Ltd","Item Created","False","Item Created"
"00QHs00001uJeyNMAS","Mcgee","Carter and Sons","Item Created","False","Item Created"
"00QHs00001uJeyOMAS","Lopez","Romero Group","Item Created","False","Item Created"
"00QHs00001uJeyPMAS","Wheeler","Bond Ltd","Item Created","False","Item Created"
"00QHs00001uJeyQMAS","Dillon","Kelly LLC","Item Created","False","Item Created"
"00QHs00001uJeyRMAS","Trevino","Young PLC","Item Created","False","Item Created"
"00QHs00001uJeySMAS","Wallace","Mcbride, Stanley and Schneider","Item Created","False","Item Created"
"00QHs00001uJeyTMAS","Bowman","Richmond, Morgan and Owens","Item Created","False","Item Created"
"00QHs00001uJeyUMAS","Johnson","Blackwell Ltd","Item Created","False","Item Created"
"00QHs00001uJeyVMAS","Jackson","Martinez Group","Item Created","False","Item Created"
"00QHs00001uJeyWMAS","Torres","Andrade, Castro and Yates","Item Created","False","Item Created"
"00QHs00001uJeyXMAS","Williams","Knight LLC","Item Created","False","Item Created"
"00QHs00001uJeyYMAS","Fisher","Harris-Hayden","Item Created","False","Item Created"
"00QHs00001uJeyZMAS","Short","Young-Lee","Item Created","False","Item Created"
"00QHs00001uJeyaMAC","White","Hayes Group","Item Created","False","Item Created"
"00QHs00001uJeybMAC","Williams","Harvey, Price and Kane","Item Created","False","Item Created"
"00QHs00001uJeycMAC","Leonard","Berry, Allen and Sutton","Item Created","False","Item Created"
"00QHs00001uJeydMAC","Weber","Chang LLC","Item Created","False","Item Created"
"00QHs00001uJeyeMAC","Macias","Clark-Ferguson","Item Created","False","Item Created"
"00QHs00001uJeyfMAC","Nelson","Wang-Kelly","Item Created","False","Item Created"
"00QHs00001uJeygMAC","Thomas","Peterson-Moody","Item Created","False","Item Created"
"00QHs00001uJeyhMAC","Hunt","Dyer, Fisher and Lucas","Item Created","False","Item Created"
"00QHs00001uJeyiMAC","Mcgrath","Wright Inc","Item Created","False","Item Created"
"00QHs00001uJeyjMAC","Contreras","Smith Group","Item Created","False","Item Created"
"00QHs00001uJeykMAC","Odonnell","Allen PLC","Item Created","False","Item Created"
"00QHs00001uJeylMAC","Cooper","Dennis-Blake","Item Created","False","Item Created"
"00QHs00001uJeymMAC","Snow","Combs-Roy","Item Created","False","Item Created"
"00QHs00001uJeynMAC","Li","Turner PLC","Item Created","False","Item Created"
"00QHs00001uJeyoMAC","Figueroa","Gonzalez, Walker and Ramirez","Item Created","False","Item Created"
"00QHs00001uJeypMAC","Johnston","Beard, Cox and Jackson","Item Created","False","Item Created"
"00QHs00001uJeyqMAC","Solis","Yoder-Small","Item Created","False","Item Created"
"00QHs00001uJeyrMAC","Rodriguez","Hunt, Wood and Hurley","Item Created","False","Item Created"
"00QHs00001uJeysMAC","Carroll","Watson-Macdonald","Item Created","False","Item Created"
"00QHs00001uJeytMAC","Turner","Odonnell, Brown and Davis","Item Created","False","Item Created"
"00QHs00001uJeyuMAC","Duncan","Watson, Leonard and Oneill","Item Created","False","Item Created"
"00QHs00001uJeyvMAC","Johnson","Lopez, Turner and West","Item Created","False","Item Created"
"00QHs00001uJeywMAC","Moreno","Boyer-Bailey","Item Created","False","Item Created"
"00QHs00001uJeyxMAC","Andrade","Weaver-Washington","Item Created","False","Item Created"
"00QHs00001uJeyyMAC","Miller","Reyes-Lopez","Item Created","False","Item Created"
"00QHs00001uJeyzMAC","Meyer","Jones, Ray and Smith","Item Created","False","Item Created"
"00QHs00001uJez0MAC","Hammond","Nichols-Jones","Item Created","False","Item Created"
"00QHs00001uJez1MAC","Beck","Anderson, Morris and Shaffer","Item Created","False","Item Created"
"00QHs00001uJez2MAC","Garcia","Williams, Fields and Ortiz","Item Created","False","Item Created"
"00QHs00001uJez3MAC","Bryant","Henderson Inc","Item Created","False","Item Created"
"00QHs00001uJez4MAC","Wolf","Clayton-Ellis","Item Created","False","Item Created"
"00QHs00001uJez5MAC","Smith","Rodriguez and Sons","Item Created","False","Item Created"
"00QHs00001uJez6MAC","Spencer","Richardson-Odonnell","Item Created","False","Item Created"
"00QHs00001uJez7MAC","Garrett","Mcdaniel Inc","Item Created","False","Item Created"
"00QHs00001uJez8MAC","Daniels","Rodriguez-Bowen","Item Created","False","Item Created"
"00QHs00001uJez9MAC","Jackson","Khan, Williams and Walters","Item Created","False","Item Created"
"00QHs00001uJezAMAS","Martinez","Johnson-Young","Item Created","False","Item Created"
"00QHs00001uJezBMAS","Thompson","Mckee Ltd","Item Created","False","Item Created"
"00QHs00001uJezCMAS","Bradley","Scott, Burke and Murphy","Item Created","False","Item Created"
"00QHs00001uJezDMAS","Cabrera","Anderson Inc","Item Created","False","Item Created"
"00QHs00001uJezEMAS","Davis","Griffith-Andrews","Item Created","False","Item Created"
"00QHs00001uJezFMAS","Martinez","Edwards Ltd","Item Created","False","Item Created"
"00QHs00001uJezGMAS","Garcia","Lambert-Terry","Item Created","False","Item Created"
"00QHs00001uJezHMAS","Chung","Henderson PLC","Item Created","False","Item Created"
"00QHs00001uJezIMAS","Macias","Cruz, Watson and Terrell","Item Created","False","Item Created"
"00QHs00001uJezJMAS","Alvarez","Carter, Thompson and Brandt","Item Created","False","Item Created"
"00QHs00001uJezKMAS","Miles","Sims Group","Item Created","False","Item Created"
"00QHs00001uJezLMAS","Berry","Pruitt-Thompson","Item Created","False","Item Created"
"00QHs00001uJezMMAS","Baker","Bailey, Boyer and Cantrell","Item Created","False","Item Created"
"00QHs00001uJezNMAS","Smith","Cordova Inc","Item Created","False","Item Created"
"00QHs00001uJezOMAS","Hernandez","Stone and Sons","Item Created","False","Item Created"
"00QHs00001uJezPMAS","Miranda","Li-Ibarra","Item Created","False","Item Created"
"00QHs00001uJezQMAS","Stephens","Grant Ltd","Item Created","False","Item Created"
"00QHs00001uJezRMAS","Ferrell","Griffin Inc","Item Created","False","Item Created"
"00QHs00001uJezSMAS","Fields","Boyer-Dickson","Item Created","False","Item Created"
"00QHs00001uJezTMAS","Anderson","Snyder, Tanner and Robinson","Item Created","False","Item Created"
"00QHs00001uJezUMAS","Thomas","Andrews-Miller","Item Created","False","Item Created"
"00QHs00001uJezVMAS","Hurley","Rivera-Peters","Item Created","False","Item Created"
"00QHs00001uJezWMAS","Carter","Garcia-Moore","Item Created","False","Item Created"
"00QHs00001uJezXMAS","Cole","Kirby-Clark","Item Created","False","Item Created"
"00QHs00001uJezYMAS","Marshall","Bautista-Black","Item Created","False","Item Created"
"00QHs00001uJezZMAS","Taylor","Martin and Sons","Item Created","False","Item Created"
"00QHs00001uJezaMAC","White","Schmidt Ltd","Item Created","False","Item Created"
"00QHs00001uJezbMAC","Valentine","Fletcher-Martin","Item Created","False","Item Created"
"00QHs00001uJezcMAC","Johnson","Curry, Davis and Carr","Item Created","False","Item Created"
"00QHs00001uJezdMAC","Bowman","Avila LLC","Item Created","False","Item Created"
"00QHs00001uJezeMAC","Wilson","Johnson and Sons","Item Created","False","Item Created"
"00QHs00001uJezfMAC","Mcconnell","Farrell Ltd","Item Created","False","Item Created"
"00QHs00001uJezgMAC","Gutierrez","Russell and Sons","Item Created","False","Item Created"
"00QHs00001uJezhMAC","Solis","Rogers, Bautista and Esparza","Item Created","False","Item Created"
"00QHs00001uJeziMAC","Sexton","Green, Santiago and Patton","Item Created","False","Item Created"
"00QHs00001uJezjMAC","Wilkerson","Jones Inc","Item Created","False","Item Created"
"00QHs00001uJezkMAC","Larson","Black, Smith and Rodriguez","Item Created","False","Item Created"
"00QHs00001uJezlMAC","Alexander","Wallace Inc","Item Created","False","Item Created"
"00QHs00001uJezmMAC","Pierce","Kennedy-Valentine","Item Created","False","Item Created"
"00QHs00001uJeznMAC","Anderson","Newman-Jordan","Item Created","False","Item Created"
"00QHs00001uJezoMAC","Norris","Ruiz Ltd","Item Created","False","Item Created"
"00QHs00001uJezpMAC","Hart","Olson PLC","Item Created","False","Item Created"
"00QHs00001uJezqMAC","Morgan","Rush, Moore and Smith","Item Created","False","Item Created"
"00QHs00001uJezrMAC","Alvarado","Jensen, White and Lewis","Item Created","False","Item Created"
"00QHs00001uJezsMAC","Davis","Mora, Thomas and Jones","Item Created","False","Item Created"
"00QHs00001uJeztMAC","Vaughan","Johnson PLC","Item Created","False","Item Created"
"00QHs00001uJezuMAC","Fleming","Becker PLC","Item Created","False","Item Created"
"00QHs00001uJezvMAC","Wilson","Lopez-Shea","Item Created","False","Item Created"
"00QHs00001uJezwMAC","Diaz","Butler, Maldonado and Ramsey","Item Created","False","Item Created"
"00QHs00001uJezxMAC","Smith","Rivera Ltd","Item Created","False","Item Created"
"00QHs00001uJezyMAC","Conrad","Cameron Ltd","Item Created","False","Item Created"
"00QHs00001uJezzMAC","Freeman","Shannon-Pearson","Item Created","False","Item Created"
"00QHs00001uJf00MAC","Wong","Young, Haynes and Clark","Item Created","False","Item Created"
"00QHs00001uJf01MAC","Carey","Rodriguez-Frederick","Item Created","False","Item Created"
"00QHs00001uJf02MAC","Flores","Mann Ltd","Item Created","False","Item Created"
"00QHs00001uJf03MAC","Armstrong","Aguilar-Kirby","Item Created","False","Item Created"
"00QHs00001uJf04MAC","Woods","Price-Green","Item Created","False","Item Created"
"00QHs00001uJf05MAC","Kelley","Wise PLC","Item Created","False","Item Created"
"00QHs00001uJf06MAC","Foster","Gordon-Neal","Item Created","False","Item Created"
"00QHs00001uJf07MAC","Lewis","Walker-Farmer","Item Created","False","Item Created"
"00QHs00001uJf08MAC","Lindsey","Wheeler, Brown and Ali","Item Created","False","Item Created"
"00QHs00001uJf09MAC","Kirby","Baldwin, Henderson and Lee","Item Created","False","Item Created"
"00QHs00001uJf0AMAS","Odonnell","Griffin, Hamilton and Wagner","Item Created","False","Item Created"
